episode,timesteps,episode_reward,episode_duration,energy_consumed,final_distance,final_speed,remaining_battery,success
1,2000,1.686016,2000,0.007177392128116177,1525.2467393875122,0.0,794258.0862975076,0.0
2,4000,-1596.830539,2000,0.536198136283955,2298.04265499115,0.0,371041.4909728356,0.0
3,6000,492.682007,2000,0.1615496651975435,1272.018402814865,0.0,670760.2678419646,0.0
4,8000,-0.798833,2000,0.008382160235949872,1526.4095664024353,0.03715221304446459,793294.2718112398,0.0
5,10000,0.559429,2000,0.007159181457876281,1525.7883667945862,0.0,794272.6548336986,0.0
6,12000,382.366071,2000,0.00441410988049482,1335.024654865265,0.24116840213537216,796468.7120956046,0.0
7,14000,192.684405,2000,0.09262014508284976,1425.4647195339203,12.89326786994934,725903.8839337198,0.0
8,16000,-0.575559,2000,0.007333532171179706,1526.3580679893494,0.08896035142242908,794133.1742630566,0.0
9,18000,1019.705756,2000,0.719330602610653,980.6165993213654,0.0,224535.51791147803,0.0
10,19377,1160.060376,1377,1.0049391536918575,696.4119225740433,13.272169828414917,0.0,0.0
11,21377,1689.247294,2000,0.18921242430475943,672.3503619432449,0.0,648630.060556192,0.0
12,23086,1271.841148,1709,1.1707335321735581,682.2178959846497,20.0,0.0,0.0
13,25086,1867.33782,2000,0.5013167711726423,617.8940981626511,0.0,652127.5009279294,0.0
14,27086,1398.446332,2000,0.5406979422460636,800.1775145530701,16.292922496795654,367441.6462031462,0.0
15,29086,1755.290492,2000,0.643244303594677,616.6319400072098,10.761198997497559,285404.55712425703,0.0
16,31086,1883.525708,2000,0.45019918898013117,612.3657077550888,0.02342839725315571,755029.8490500873,0.0
17,33086,2245.739401,2000,0.8100902433141624,413.3015424013138,6.78727924823761,664776.8573725729,0.0
18,35086,1909.821674,2000,0.9505742792263577,523.9841938018799,0.0,39540.57661891331,0.0
19,37086,1968.931055,2000,0.9189537596148253,496.02439999580383,0.0,64836.99230813986,0.0
20,39086,1853.224167,2000,0.7989687839423639,559.8637908697128,0.0,160824.97284610858,0.0
21,41086,886.213886,2000,0.49142767086608047,1058.7828755378723,0.0,406857.8633071347,0.0
22,43086,662.223824,2000,0.5048091141246165,1170.0358092784882,0.0,396152.70870030695,0.0
23,45086,595.569523,2000,0.41620255370304576,1207.8421711921692,0.021036863327026367,467037.9570375636,0.0
24,47086,576.503414,2000,0.43588162782214457,1216.3884937763214,0.0,451294.6977422841,0.0
25,49086,675.132102,2000,0.49806016031799244,1163.95765542984,0.8160130679607391,401551.8717456064,0.0
26,51086,1854.824297,2000,0.7956332406791576,559.2404007911682,0.6547585129737854,163493.4074566734,0.0
27,53086,1870.710458,2000,0.8376135937773606,549.1997748613358,0.0,129909.12497811018,0.0
28,55086,1849.131386,2000,0.9089621057838001,556.4182698726654,0.03075475338846445,72830.31537296115,0.0
29,57086,1880.611089,2000,0.968895057015626,537.685364484787,0.5498150363564491,24883.954387499874,0.0
30,59086,1934.112295,2000,0.7420110278408455,522.2770571708679,0.0,206391.17772732413,0.0
31,61086,1935.806766,2000,0.6982619971438452,523.6182510852814,0.0,241390.40228492417,0.0
32,61837,866.155643,751,1.6001165338250312,863.2449209690094,13.540793657302856,0.0,0.0
33,63837,2283.264809,2000,0.48042323918347696,360.7741892337799,0.3201909735798836,415661.4086532189,0.0
34,65837,1881.836194,2000,0.35650540707072714,567.6876157522202,0.1298990473151207,514795.67434341874,0.0
35,67837,1782.262698,2000,0.9777210406400272,636.2803280353546,0.0,405630.1776192165,0.0
36,68615,1371.382782,778,1.5026828591345798,615.7156080007553,20.0,0.0,0.0
37,70615,2010.975611,2000,0.650923940304609,488.3986562490463,0.7316883653402328,279260.84775631246,0.0
38,72615,1414.196677,2000,0.38364282686642187,849.9272167682648,0.0,968139.1947962459,0.0
39,74615,1441.915526,2000,0.5656096422934235,827.144980430603,0.0,793197.72668058,0.0
40,76615,1441.61941,2000,0.48055662077880923,831.4538598060608,0.3205583244562149,861564.7756365183,0.0
41,78615,2063.668105,2000,0.6307431948960635,463.06461095809937,0.9763529896736145,295405.44408314873,0.0
42,80615,1415.612116,2000,0.4028671046116595,848.389059305191,0.0,922113.3824702224,0.0
43,82615,2390.013379,2000,1.56417133543705,353.17864269018173,0.0,202286.48927063972,0.0
44,84615,2572.642821,2000,0.6829863619034752,255.84912300109863,0.0,677367.7759947021,0.0
45,86615,2041.27214,2000,0.6897657667944321,521.1989879608154,0.10615380480885506,704516.5146999264,0.0
46,88615,2529.205528,2000,0.9305406365772394,265.1296555995941,3.741946816444397,503320.10461819556,0.0
47,89509,1338.946637,894,1.0027983825329607,606.9612354040146,20.0,0.0,0.0
48,91509,1834.538463,2000,0.6357051116826158,577.3782134056091,0.0,291435.9106539077,0.0
49,92601,1207.443438,1092,1.0064473997968237,672.7119237184525,18.804235458374023,0.0,0.0
50,94601,2227.092657,2000,0.3459858905480317,395.58689296245575,0.0,523211.2875615739,0.0
51,96601,2210.375688,2000,0.20764935877592364,410.8608216047287,0.09555594064295292,633880.5129792619,0.0
52,98601,2347.287179,2000,0.9313961488131844,356.5105274319649,0.11588973924517632,366128.9288003846,0.0
53,100601,2267.320208,2000,0.3478696185988931,375.3831088542938,0.8392577618360519,521704.30512088555,0.0
54,102601,2265.535655,2000,0.2568215220456244,380.81735372543335,0.0,594542.782363502,0.0
55,104601,2204.11633,2000,0.7588814794652269,386.43135130405426,1.5045854449272156,192894.81642781908,0.0
56,106601,2186.492033,2000,1.0526317076180227,430.3720146417618,0.21157002076506615,418525.76152734394,0.0
57,108601,2020.422946,2000,0.8272066240947145,474.86118972301483,0.0,138234.70072422823,0.0
58,110601,2073.477687,2000,0.8099698003211993,449.19808208942413,1.1797010153532028,152024.1597430412,0.0
59,112601,2187.556007,2000,0.706867617171463,397.3114639520645,0.059267603792250156,234505.9062628294,0.0
60,113201,652.758352,600,1.008223802539146,950.055330991745,20.0,0.0,0.0
61,115201,2394.327953,2000,0.6320562530821392,297.66853898763657,0.0,294354.9975342892,0.0
62,117201,2302.112707,2000,0.589601559601193,345.8983674645424,0.0,328318.7523190469,0.0
63,119201,1934.276255,2000,0.7145469200584816,523.5625952482224,0.0,228362.4639532142,0.0
64,121201,2380.396051,2000,0.4220363494670037,315.13378769159317,0.3389393910765648,462370.9204263966,0.0
65,123201,2414.648566,2000,0.6363693384050954,337.1564671397209,0.0,736065.343557774,0.0
66,125201,2383.675892,2000,0.6856774528906897,300.3098890185356,0.0,251458.03768744617,0.0
67,127201,2333.714357,2000,0.750167128382294,322.06159830093384,0.0,199866.29729416416,0.0
68,129201,2319.640743,2000,0.8332142394799863,324.9523714184761,0.0,133428.6084160124,0.0
69,131201,1649.797878,2000,1.393873052892101,681.7015707492828,0.7934315502643585,106758.26185427092,0.0
70,133201,2382.414113,2000,0.6208416395994942,304.1839376091957,0.0,303326.68832040415,0.0
71,133741,805.429503,540,1.0002960362044977,873.7187683582306,20.0,0.0,0.0
72,135741,1851.277775,2000,1.2479874068877317,588.6208713054657,0.015879672719165683,428156.0735600853,0.0
73,136225,630.390236,484,1.0076171393728701,961.2370133399963,20.0,0.0,0.0
74,138225,2038.55265,2000,0.9601027053522774,509.0581029653549,0.06059134379029274,429757.94714045065,0.0
75,140225,2366.608175,2000,0.9468495591254228,295.78641057014465,1.8310129642486572,42520.35269966093,0.0
76,142225,2389.071058,2000,0.8969120251461129,287.0519757270813,0.0,82470.3798831094,0.0
77,144225,1811.777699,2000,1.5144348795831615,594.9466824531555,19.973537921905518,194876.314980938,0.0
78,146225,1959.714082,2000,0.7396903174112786,509.59356129169464,0.0,208247.74607098047,0.0
79,148225,2276.565999,2000,0.8276322503721477,346.7673137784004,0.0,137894.19970228305,0.0
80,149807,2087.064188,1582,1.0005960954767468,232.90226608514786,3.7483155727386475,0.0,0.0
81,151807,2056.25219,2000,0.9626215235398909,500.34986436367035,2.8132539987564087,645851.2767602402,0.0
82,153807,1959.992706,2000,1.1080704125521887,540.8474653959274,0.0,505735.59041357436,0.0
83,155807,2512.509146,2000,1.0955618709337844,265.3500437736511,0.6621871888637543,624846.4475784005,0.0
84,157807,2542.921407,2000,0.9990621830660038,254.9992874264717,0.0,607832.2673961915,0.0
85,159807,2026.594386,2000,0.7071393408352555,477.78090834617615,0.0,234288.52733179636,0.0
86,161807,1862.67496,2000,0.7228682553716707,558.9514821767807,0.0,221705.39570266215,0.0
87,163807,2343.149708,2000,1.1442626756995682,347.755528986454,1.1963170021772385,626129.8679459112,0.0
88,165114,2089.941393,1307,1.0010002032856724,231.46332800388336,5.305112600326538,0.0,0.0
89,167114,1919.603316,2000,0.9112362709299954,521.0696160793304,0.0,71010.9832560038,0.0
90,169114,2481.802328,2000,0.7223476094611698,249.40817803144455,0.0,222121.91243106188,0.0
91,171114,2483.345225,2000,0.6679389865902997,251.3621672987938,0.15058324672281742,265648.81072775996,0.0
92,173114,-1046.006583,2000,0.6270666286324011,2018.0835127830505,7.50247597694397,298346.69709407847,0.0
93,175114,2498.484004,2000,0.9248829679030949,230.94753921031952,0.0,60093.62567752479,0.0
94,175574,647.037391,460,1.0006077879568842,952.914834022522,20.0,0.0,0.0
95,177574,2489.308344,2000,0.7820743198594164,242.67509579658508,0.19921673461794853,174340.5441124656,0.0
96,179574,2512.198349,2000,0.9178968879452636,224.43877905607224,0.0,65682.48964378839,0.0
97,181574,1377.740758,2000,0.9178313037193131,791.6666865348816,0.0,65734.95702454945,0.0
98,183574,2497.892693,2000,0.857594160467952,234.60812866687775,0.0,113924.67162563706,0.0
99,185574,1942.639428,2000,0.819144321052484,514.1648501157761,0.06579524371773005,144684.5431580141,0.0
100,187574,2457.316184,2000,0.7657636306168896,259.488008916378,0.0,187389.095506487,0.0
101,189574,2476.156678,2000,0.7478993449056742,250.95905363559723,0.0,201680.5240754595,0.0
102,191574,2436.918776,2000,0.8425075980557833,265.8515274524689,0.0,125993.92155537497,0.0
103,193574,2529.355738,2000,0.8064922870056294,221.43177688121796,0.0,154806.17039549662,0.0
104,195574,2524.299617,2000,0.8186040426554468,223.35758060216904,1.6902783513069153,145116.7658756417,0.0
105,197574,2544.286123,2000,0.9462120459522121,256.8659037351608,5.676679611206055,672390.3806641134,0.0
106,199574,2472.941065,2000,0.9414802165426227,242.88911372423172,1.0585513710975647,46815.82676590145,0.0
107,201574,1215.4917,2000,0.9123258672208806,873.0672597885132,0.0,70139.30622329384,0.0
108,203574,2456.337751,2000,0.8842151667593936,254.05347347259521,0.0,92627.86659248352,0.0
109,205574,2480.271881,2000,0.9349950571777017,239.5494058728218,0.5539042875170708,52003.95425783982,0.0
110,207574,2468.628615,2000,0.8763149219405713,248.30295145511627,0.7595384120941162,98948.06244754266,0.0
111,209574,2399.371164,2000,0.931014304496102,280.1985293626785,0.0,55188.55640311865,0.0
112,211574,2388.859763,2000,1.1704914049428061,323.4666734933853,3.226865530014038,593789.5051367992,0.0
113,213574,2506.668206,2000,0.8646737897303446,229.866161942482,0.0,108260.96821572291,0.0
114,215574,2523.58567,2000,0.831473864519069,223.06658327579498,0.02384355291724205,134820.90838474425,0.0
115,217574,2489.688994,2000,0.8419859207221451,239.49068784713745,0.0,126411.26342228637,0.0
116,219574,2111.173022,2000,0.9818278301753403,421.7566251754761,0.0,14537.735859729106,0.0
117,221574,2434.774389,2000,0.9334421085072865,262.37625628709793,0.0,53246.313194170165,0.0
118,223574,2357.342853,2000,1.3250127448522826,331.430085003376,2.044804096221924,373112.259058857,0.0
119,224287,1193.983578,713,1.0023797178397147,679.4430166482925,14.150288105010986,0.0,0.0
120,226287,2589.965224,2000,0.9084183937616979,186.03060767054558,0.0,73265.28499064148,0.0
121,228287,2517.51396,2000,0.8635042321890203,274.4743824005127,0.10005590505897999,704294.4224410668,0.0
122,229360,1802.252714,1073,1.0001143193522049,375.30823051929474,1.7837585508823395,0.0,0.0
123,231360,2524.536559,2000,1.1229231099892838,257.84381479024887,0.0,612064.2142006392,0.0
124,233360,2393.018832,2000,0.4823333522533728,305.80685287714005,0.0,414133.3181973014,0.0
125,235360,2459.780727,2000,0.8658147756468091,253.25363874435425,1.8845802545547485,107348.17948255164,0.0
126,237360,2162.492036,2000,1.6046118071474138,415.07068276405334,0.0,221903.74679708233,0.0
127,239360,2494.232474,2000,1.4564088097603944,256.5403953194618,0.2229768969118595,279659.80172325653,0.0
128,241360,2451.038019,2000,1.2878675114880196,286.6223305463791,0.0,537927.4871994304,0.0
129,243360,2391.228628,2000,0.8991677349644887,285.86118668317795,0.0,80665.8120284089,0.0
130,245042,1672.025348,1682,1.0001655696524026,440.42305648326874,0.5877643451094627,0.0,0.0
131,247042,2478.215754,2000,1.2468106552182991,275.0541865825653,0.0,511992.1036941909,0.0
132,249042,2419.416114,2000,0.9651418862242956,268.46808940172195,0.0,27886.491020563724,0.0
133,251042,2273.077955,2000,0.8701905989862817,346.38579189777374,0.010537015041336417,103847.52081097434,0.0
134,252869,1595.733693,1827,1.0000399078459705,478.5682260990143,1.260855346918106,0.0,0.0
135,254730,1536.570643,1861,1.0001517419439925,508.1477165222168,7.433345913887024,0.0,0.0
136,256730,2517.567859,2000,1.766350610343436,229.3635606765747,0.0,80723.15332783434,0.0
137,258730,2566.111095,2000,1.3717010260879001,224.84931349754333,0.0,465015.3229259547,0.0
138,260730,2471.375351,2000,0.838402889924904,248.82790446281433,0.7780810445547104,129277.68806007567,0.0
139,261809,1681.098157,1079,1.0003853758164145,435.8847588300705,20.0,0.0,0.0
140,263809,2508.862525,2000,0.8492575426738918,229.53857481479645,0.0,120593.96586088654,0.0
141,265809,2500.173272,2000,0.9353645363522988,229.57894206047058,0.1936982199549675,51708.370918161614,0.0
142,267809,2462.223021,2000,0.9231497130976962,249.16382879018784,0.0,61480.229521841575,0.0
143,269809,2493.944442,2000,0.9013387432767495,234.39513891935349,0.0,78929.00537860047,0.0
144,271809,2528.257625,2000,0.8957980173909252,217.51537173986435,0.0,83361.586087261,0.0
145,273809,2686.292261,2000,1.407148455378638,163.00879418849945,0.0,437839.7599619183,0.0
146,275662,1005.19393,1853,1.0019003381947702,773.8239169120789,9.358356595039368,0.0,0.0
147,277662,1813.101254,2000,0.7697724621102076,581.3884288072586,0.0,184182.03031183424,0.0
148,279662,1817.146602,2000,0.8301175425634381,576.3541460037231,0.0,135905.96594924852,0.0
149,281662,1457.34204,2000,0.7190150548508732,761.8441879749298,0.0,224787.95611930086,0.0
150,283662,2623.421316,2000,1.621536490247563,183.7308704853058,3.4857848286628723,208527.84667507585,0.0
151,285662,1482.115724,2000,0.6722130577861842,751.7429888248444,0.0,262229.55377105233,0.0
152,287662,1307.546769,2000,0.8685433534393218,829.1913270950317,0.0,105165.3172485432,0.0
153,289662,1819.545986,2000,0.7414827340581033,579.5888453722,0.0,206813.8127535169,0.0
154,291662,2412.295348,2000,0.9011140040007207,275.2307206392288,0.03663475625216961,79108.79679942307,0.0
155,293662,2474.9148,2000,0.9836207071391908,239.79634791612625,0.0,13103.434288647979,0.0
156,295662,2494.837253,2000,0.9736884761850959,230.33295571804047,0.0,21049.21905192195,0.0
157,296498,1260.439429,836,1.0006113781758186,646.2132185697556,4.50262725353241,0.0,0.0
158,298498,2826.514646,2000,1.7508954097872889,75.78333467245102,0.0793545413762331,118456.48516092355,0.0
159,299122,997.520355,624,1.0014173958543693,777.6731550693512,7.977389693260193,0.0,0.0
160,301122,1540.645974,2000,0.7266734104699024,719.7658717632294,0.0,218661.27162407743,0.0
161,303122,2432.655192,2000,0.9443507454679226,262.88893818855286,0.0,44519.4036256602,0.0
162,305122,2412.85479,2000,0.8548488848648942,277.26244926452637,0.0,116120.89210808695,0.0
163,307122,1921.641448,2000,1.1715990853021538,557.045191526413,0.0,345272.22627729195,0.0
164,307695,902.478176,573,1.0001355067509556,825.1953721046448,8.4203040599823,0.0,0.0
165,309695,1808.215677,2000,0.7615854216361174,634.2629045248032,0.0,723617.2376675615,0.0
166,311695,2243.962554,2000,0.7526667068972924,366.82136356830597,0.16698267310857773,197866.63448216656,0.0
167,312120,727.764181,425,1.0004972173185267,912.5525057315826,20.0,0.0,0.0
168,313390,2286.091329,1270,1.9680863919297882,134.9555030465126,5.181771516799927,0.0,0.0
169,315390,2375.53834,2000,0.860555160957523,295.6356704235077,0.0,111555.87123398026,0.0
170,317390,1365.136862,2000,1.734370682183029,807.2184026241302,0.049654790200293064,202935.50744989002,0.0
171,319390,2398.409164,2000,1.9039251718404124,282.1180075407028,0.009361139382235706,50290.874916084285,0.0
172,321390,2423.923509,2000,0.8326144832490239,272.8419452905655,0.0,133908.41340078332,0.0
173,323390,2323.734196,2000,0.8637128460496263,321.37877494096756,0.0,109029.72316029866,0.0
174,325390,2371.267225,2000,0.8488997218644889,298.3531728386879,0.0,120880.22250841091,0.0
175,327390,2280.647478,2000,0.8840838185288595,341.9053629040718,0.0,92732.94517691049,0.0
176,329390,2015.302854,2000,0.8482269672791142,476.3644337654114,0.0,121418.42617670943,0.0
177,331390,2211.036485,2000,0.9155019728858329,375.14130771160126,0.0,67598.42169133415,0.0
178,333390,2412.481235,2000,0.9135102349064359,274.51613545417786,0.0,69191.81207484906,0.0
179,335390,2374.743338,2000,0.8619101827801161,295.96857726573944,0.0,110471.85377590763,0.0
180,337390,2415.915181,2000,0.9254796548785075,272.19924330711365,0.0,59616.27609719581,0.0
181,339390,2457.195247,2000,0.9122123840658716,252.2270232439041,0.0,70230.09274730278,0.0
182,341390,2420.995464,2000,0.9660642374505095,267.6294520497322,0.02134039532393217,27148.61003959264,0.0
183,343390,2439.484326,2000,0.9283421915717499,260.27029752731323,0.0,57326.24674260118,0.0
184,344313,1807.242489,923,1.0002388158697544,372.81301617622375,5.068979859352112,0.0,0.0
185,346313,2317.141894,2000,1.681677862187882,333.76751840114594,1.0630277544260025,221563.01310425237,0.0
186,348313,2323.424459,2000,0.7273756602576982,328.3526971936226,3.9172133803367615,218099.4717938414,0.0
187,350313,2060.773623,2000,1.5591950170519913,468.04386377334595,0.0,309991.41609592206,0.0
188,352313,2365.851346,2000,0.9117406266642206,297.92506992816925,0.0,70607.49866862307,0.0
189,354313,2289.573791,2000,0.8812647202453202,337.5815525650978,0.0,94988.22380374155,0.0
190,356313,2320.741665,2000,0.9883470142458755,316.6463077068329,0.0,9322.388603299976,0.0
191,358313,2351.272258,2000,1.586386835540646,321.6104060411453,0.0,280133.2743009711,0.0
192,360313,2160.820479,2000,1.216318203345896,435.2816194295883,17.868553400039673,577155.4110375284,0.0
193,362313,2579.82636,2000,1.5934370869832646,206.88506215810776,8.99760365486145,265969.1191175457,0.0
194,364313,2196.740163,2000,0.9449251948269816,380.8206170797348,0.0,44059.84413841554,0.0
195,366313,1779.697527,2000,0.7445150977227618,599.3626266717911,0.0,204387.92182179072,0.0
196,368313,2197.693811,2000,1.4421990958683106,401.02770924568176,7.27634072303772,380723.6812183134,0.0
197,370313,2249.15001,2000,0.9237045491923088,355.67139834165573,0.0,61036.3606461535,0.0
198,372313,2269.759366,2000,1.4744067596567132,362.9075959324837,0.10547199286520481,393762.6169361483,0.0
199,374313,2379.908064,2000,0.8731527259575014,292.82350838184357,0.0,101477.8192339982,0.0
200,376313,2556.257046,2000,1.5033153478906278,223.3160063624382,0.040978556498885155,334926.47265286994,0.0
201,378313,2677.357096,2000,1.592465625084967,158.18239375948906,0.0,260081.5401630261,0.0
202,380313,2427.914321,2000,0.955775527619367,264.6902874112129,0.0,35379.577904507496,0.0
203,382313,2093.397694,2000,1.2930648731182832,465.30233323574066,5.22127628326416,480347.36347371555,0.0
204,384313,2837.82719,2000,1.8405772290403908,50.481392070651054,0.0,10923.843561277996,0.0
205,386313,1769.799729,2000,0.5177093661310561,615.6487315893173,0.0,385832.5070951557,0.0
206,388313,2409.558501,2000,0.9643087551051789,273.4415531158447,0.0,28552.995915859905,0.0
207,390313,2315.373599,2000,0.8391893258130353,326.7872706055641,0.0,128648.53934956998,0.0
208,392313,2668.299418,2000,1.4646256554553114,157.9933986067772,0.0,338375.507785558,0.0
209,394313,2691.391883,2000,1.5300212542114136,154.22751009464264,0.0,214847.596608346,0.0
210,396313,2357.764248,2000,0.9374276719654341,300.67967623472214,0.0,50057.862427653534,0.0
211,398313,1640.449178,2000,0.6886886730270617,671.7743575572968,0.21039167419075966,249049.06157835017,0.0
212,400313,2141.028276,2000,0.7559593571627413,418.12142729759216,0.6814824789762497,195232.5142698048,0.0
213,402313,2433.166416,2000,0.9489699313464677,262.40330189466476,0.0,40824.054922827105,0.0
214,404313,1595.003875,2000,0.41253362865443427,708.3146274089813,0.0,469973.0970764527,0.0
215,406313,2401.414146,2000,0.903465386478688,280.5532291531563,0.0,77227.69081704954,0.0
216,408313,2396.481793,2000,0.9104288133362307,282.67235308885574,0.0,71656.94933101573,0.0
217,410313,2434.73012,2000,0.9358684953632778,262.2717171907425,0.0,51305.203709377674,0.0
218,412313,2398.993884,2000,0.875636095201132,283.15646946430206,0.0,99491.12383909317,0.0
219,414313,2595.556861,2000,1.4042106943133994,208.4406316280365,0.0,363311.84658119665,0.0
220,416313,1978.531661,2000,0.8565915335160014,494.3312108516693,0.0,114726.77318719857,0.0
221,418313,2387.447277,2000,0.8668736311572064,289.3676832318306,0.0,106501.09507423577,0.0
222,420313,2080.363293,2000,0.8018665798535743,446.1708068847656,0.0,158506.73611714103,0.0
223,422313,2543.374884,2000,0.9152606332248521,208.98489654064178,0.0,67791.49342011867,0.0
224,424313,2143.395841,2000,0.7325454018519801,418.1075692176819,0.0,213963.67851841552,0.0
225,426313,2515.344342,2000,0.8420140651574207,226.66215151548386,0.0,126388.74787406345,0.0
226,428313,2074.162725,2000,0.9188427332708434,443.42225790023804,0.0,64925.813383322864,0.0
227,430313,2134.410893,2000,0.7277623565816262,422.8413552045822,0.0,217790.11473469966,0.0
228,432313,1962.959861,2000,0.8177915622541294,504.0640980005264,0.0,145766.75019669704,0.0
229,434313,2441.881134,2000,0.8445255688244359,263.265497982502,0.0,124379.54494045037,0.0
230,436313,2434.488773,2000,0.8526246217350912,266.558401286602,0.0,117900.30261192757,0.0
231,438313,1855.106633,2000,0.9527445341979814,551.2477308511734,0.0,37804.37264161598,0.0
232,440313,2170.921961,2000,0.6812099049587805,406.91855549812317,0.0,255032.07603297484,0.0
233,442313,2169.632177,2000,0.6978263616176753,406.7257046699524,0.0,241738.91070586003,0.0
234,444313,2473.836525,2000,0.947528486635488,242.13583767414093,0.0,41977.21069161088,0.0
235,446313,2524.534355,2000,0.950003608394635,216.66531264781952,0.0,39997.113284291954,0.0
236,448313,2500.434477,2000,0.8885769614601329,231.78637772798538,0.0,89138.43083189384,0.0
237,450313,2528.754079,2000,0.9115711413082901,216.4762169122696,0.0,70743.08695336808,0.0
238,452313,2517.120377,2000,0.9599001406736638,219.87956017255783,0.0,32079.88746106848,0.0
239,454313,2491.662017,2000,0.89356746885355,235.92433333396912,0.0,85146.02491715974,0.0
240,456313,2512.882241,2000,0.9512877927316403,222.42747992277145,0.0,38969.765814686616,0.0
241,458313,2517.345619,2000,0.9362385763136901,220.94788402318954,0.0,51009.13894904677,0.0
242,460313,2222.393933,2000,0.6634547958712722,382.0642679929733,2.7674177289009094,269236.1633029834,0.0
243,462313,2585.819159,2000,0.9704236882756777,185.00427156686783,0.0,23661.049379456614,0.0
244,464313,2350.148837,2000,0.7606913656339664,313.3260905742645,0.0,191446.90749282634,0.0
245,466313,1705.172205,2000,0.17830680956816805,664.9255156517029,0.0,657354.5523454655,0.0
246,468313,2481.110622,2000,0.9458652138844077,238.58754336833954,0.0,43307.828892474136,0.0
247,470313,2518.880257,2000,0.9217217088567382,220.90626507997513,0.0,62622.632914609334,0.0
248,472313,1653.040354,2000,0.15406377407590666,692.2068893909454,0.0,676748.9807392756,0.0
249,474313,2456.159034,2000,0.9121148485117454,252.75150686502457,0.0,70308.12119060518,0.0
250,475133,1691.082012,820,1.0009278243053552,430.89357018470764,3.9809879660606384,0.0,0.0
251,477133,2420.60746,2000,0.8192600506972598,275.16717463731766,1.5042495727539062,144591.95944219097,0.0
252,479133,1676.198748,2000,0.18032698829983357,679.3414503335953,2.7057546377182007,655738.4093601326,0.0
253,481133,2324.357702,2000,0.8912822145862038,319.68511641025543,0.0,86974.22833103545,0.0
254,483133,2489.601789,2000,0.9130516174018081,235.97808927297592,0.0,69558.7060785545,0.0
255,485133,1918.834447,2000,0.5132129614766879,541.363388299942,1.554911881685257,389429.63081865024,0.0
256,487133,2510.019579,2000,0.9557156848988904,223.63990545272827,0.0,35427.45208088724,0.0
257,489133,2511.736798,2000,0.9490811269477782,223.11381250619888,0.0,40735.09844177811,0.0
258,491133,2478.962224,2000,0.9366630216041846,240.12013524770737,0.0,50669.582716653385,0.0
259,493133,2518.324379,2000,0.9586510277240521,219.3390056490898,0.0,33079.17782075893,0.0
260,495133,2539.131184,2000,0.9311630568259832,210.3099748492241,0.0,55069.55453921381,0.0
261,497133,2493.639006,2000,0.9192001969967127,233.66115242242813,0.0,64639.842402629765,0.0
262,499133,2503.602842,2000,0.9393450739548649,227.66970098018646,0.0,48523.94083610633,0.0
263,501133,2487.818137,2000,0.8835035525230247,238.35202306509018,0.0,93197.15798157976,0.0
264,503133,2483.302788,2000,0.9474855614547244,237.4071255326271,0.0,42011.550836220995,0.0
265,505133,2508.255163,2000,0.9749939888426604,223.55038672685623,0.0,20004.80892587124,0.0
266,507133,2371.842842,2000,0.7868953415285684,301.16622895002365,0.0,170483.7267771431,0.0
267,509133,2460.640823,2000,0.900870659627398,251.0698065161705,0.06648103706538677,79303.47229808116,0.0
268,511133,2396.620716,2000,0.9494892438830657,280.6472182273865,4.823998212814331,40408.60489354988,0.0
269,513133,2506.839054,2000,0.9951466677177145,223.25800359249115,0.0,3882.6658258266993,0.0
270,514855,1607.270467,1722,1.0011861592402658,472.79955446720123,7.977039813995361,0.0,0.0
271,516855,2577.300149,2000,0.9755358352043114,189.00758028030396,0.03745543770492077,19571.331836550893,0.0
272,518855,2457.434873,2000,0.923328311408968,251.55124068260193,0.0,61337.35087282658,0.0
273,520855,2494.999521,2000,0.9515042285112748,231.35970532894135,0.7626283913850784,38796.617190982804,0.0
274,522855,2506.510183,2000,0.9607138237718083,225.14493763446808,0.0,31428.940982552936,0.0
275,524855,2520.728178,2000,0.9768452808860595,217.2301635146141,0.0,18523.775291151946,0.0
276,526855,2443.22185,2000,0.973212685960185,256.15864992141724,0.0,21429.851231855144,0.0
277,528855,2508.239352,2000,0.9682969247343899,223.90063852071762,0.0,25362.46021248922,0.0
278,530312,2125.91239,1457,1.0001789703588808,213.4784236550331,0.9799905866384506,0.0,0.0
279,532312,2529.738435,2000,0.9916260466886486,211.980901658535,0.0,6699.162649081175,0.0
280,534312,2440.159228,2000,0.9464630990451107,259.0304911136627,0.0,42829.52076390949,0.0
281,536312,2479.340057,2000,0.8508072107901276,244.22409385442734,0.15703948214650154,119354.23136789877,0.0
282,538312,2446.620304,2000,0.9774632872801597,254.24616783857346,0.0,18029.37017587267,0.0
283,540312,2558.400815,2000,0.97215205768695,198.6268311738968,0.0,22278.35385044047,0.0
284,542312,2465.440133,2000,0.9699625847159782,245.2159747481346,0.0,24029.932227218214,0.0
285,543544,2044.869221,1232,1.0006927393344505,253.99906933307648,5.1527321338653564,0.0,0.0
286,545544,2383.952528,2000,0.8426699797365182,292.32338815927505,0.16575630754232407,125864.01621078685,0.0
287,547544,2366.126655,2000,0.8413156756648473,301.3046532869339,0.5405950918793678,126947.45946812196,0.0
288,549275,1429.445568,1731,1.00003968683896,561.7091506719589,0.45954499393701553,0.0,0.0
289,551275,2390.605624,2000,0.9411513673549918,284.0734049677849,0.2867894805967808,47078.90611600898,0.0
290,553275,2845.124898,2000,1.763250813699102,51.825150847435,0.0,176081.63835388434,0.0
291,555275,2420.148348,2000,0.9672393320191208,267.9985910654068,0.0,26208.534384703995,0.0
292,556353,2017.547991,1078,1.0001191713554283,267.66011863946915,1.1246775090694427,0.0,0.0
293,558353,2723.416401,2000,1.4056394146980016,132.7522248029709,0.0,429895.6818820766,0.0
294,560353,2419.833376,2000,0.962200773366237,268.4056833386421,0.0,30239.381307011856,0.0
295,562353,2437.06564,2000,0.9386140423931016,260.9707787632942,0.0,49108.76608551742,0.0
296,564353,2833.196727,2000,1.5638215306402825,81.80617354810238,0.0,20812.893738858344,0.0
297,566353,2373.008752,2000,0.8362756022695841,298.11403155326843,0.0,130979.51818433346,0.0
298,568353,2465.852406,2000,0.7813646762992842,254.43872809410095,0.0,174908.25896057166,0.0
299,570353,2365.14337,2000,0.7976977671815185,303.97678166627884,0.0,161841.7862547868,0.0
300,572353,2418.589087,2000,0.8840563443078473,272.93504029512405,0.0,92754.92455372126,0.0
301,574353,2416.506758,2000,0.8036378808469044,277.99833565950394,0.6619542092084885,157089.69532247668,0.0
302,576353,2432.054053,2000,0.8141416000947016,269.69993859529495,0.025338924024254084,148686.71992423918,0.0
303,578353,2425.666481,2000,0.8228890955664334,272.45673537254333,0.0,141688.72354685402,0.0
304,580353,2435.798884,2000,0.7976898012703769,268.65021139383316,0.0,161848.15898369814,0.0
305,582353,2413.606601,2000,0.8286271596942528,278.1996577978134,0.0,137098.2722445967,0.0
306,584353,2479.154304,2000,0.8393398259177863,244.88894641399384,0.0,128528.13926577014,0.0
307,586353,2472.271373,2000,0.8391878509378392,248.34005534648895,0.0,128649.71924972777,0.0
308,588353,2555.03662,2000,0.9402297108464442,201.90250128507614,0.9999779611825943,47816.23132284277,0.0
309,590353,2433.827211,2000,0.836814925722658,267.6786929368973,0.0,130548.05942187429,0.0
310,592353,2468.946872,2000,0.8255464230504432,250.68316608667374,0.0,139562.86155964644,0.0
311,594353,2414.379348,2000,0.8356027871202316,277.46377140283585,0.0,131517.7703038136,0.0
312,596353,2392.105083,2000,0.8994454510608759,285.4152023792267,0.0,80443.6391512989,0.0
313,598353,2420.480439,2000,0.8836088993441759,272.0174789428711,0.0,93112.88052465764,0.0
314,600353,2497.176788,2000,0.9320421400339526,231.2391847372055,0.4483482986688614,54366.287972837665,0.0
315,602353,2488.976054,2000,0.8056247626456422,241.6640818119049,0.0,155500.18988348756,0.0
316,604353,2420.778918,2000,0.8882266606670385,271.62569761276245,0.0,89418.67146637038,0.0
317,606353,2478.908507,2000,0.8694111700272781,243.50731819868088,0.0,104471.06397817787,0.0
318,608353,2723.074368,2000,1.6174706051866063,134.05423611402512,0.0,281097.6159095829,0.0
319,610353,2430.28016,2000,0.8635605273704767,268.11591535806656,0.0,109151.57810361758,0.0
320,612353,2460.645256,2000,0.8788011677965339,252.16955691576004,0.0,96959.06576277311,0.0
321,614353,2429.451467,2000,0.8945698631218337,266.98167622089386,0.0,84344.10950253259,0.0
322,616353,2478.330212,2000,0.9126939956579665,241.63511395454407,0.0,69844.80347362741,0.0
323,618353,2395.504575,2000,0.9218708074894992,282.58661180734634,0.0,62503.35400840218,0.0
324,620353,2360.914826,2000,0.8819175896158588,301.8820658326149,0.0,94465.92830731368,0.0
325,622353,2466.926183,2000,0.9049208583335137,247.73521721363068,0.0,76063.31333318946,0.0
326,624353,2398.193538,2000,0.9277780335639169,280.9556722640991,0.0,57777.57314886782,0.0
327,626353,2465.786031,2000,0.9608531810572537,245.49400806427002,0.0,31317.45515419676,0.0
328,628353,1799.07399,2000,0.9664173484011789,578.5642862319946,0.0,26866.12127905729,0.0
329,630353,2516.342773,2000,0.9582427494052478,220.35037726163864,0.057125044986605644,33405.800475803415,0.0
330,632353,2503.198161,2000,0.9865630252891028,225.50976276397705,0.021753348410129547,10749.579768720308,0.0
331,634353,2496.254113,2000,0.9851150877896996,229.06140983104706,0.0,11907.929768241089,0.0
332,636353,2454.539081,2000,0.9726328372411145,250.52395462989807,0.0,21893.730207108027,0.0
333,638353,2463.704467,2000,0.9755854881914668,245.7963153719902,1.0475893318653107,19531.609446828388,0.0
334,639469,2002.052963,1116,1.0004356746236196,275.4061371088028,5.244278907775879,0.0,0.0
335,641469,2487.638675,2000,0.9877171580762211,233.23622345924377,0.0,9826.273539021811,0.0
336,643469,2500.839056,2000,0.9789725073892372,227.07252949476242,0.0,16821.99408860993,0.0
337,645469,2507.178838,2000,0.9769058245206058,224.00721162557602,0.23298874497413635,18475.34038351429,0.0
338,647456,2054.208975,1987,1.0003464256958763,249.33815002441406,1.0647619515657425,0.0,0.0
339,649456,2625.037373,2000,1.397584914702783,194.14803385734558,0.0,384102.34928749996,0.0
340,651456,2493.299889,2000,0.8588329850580114,236.83717846870422,0.0,112933.61195359027,0.0
341,653456,2707.107037,2000,1.4223880268219273,151.65434405207634,0.0,330039.12012324494,0.0
342,655456,2601.562648,2000,1.439203460729131,203.74855399131775,0.0,392934.8529491937,0.0
343,656426,2102.913209,970,1.0014861468545282,224.97718781232834,5.842444896697998,0.0,0.0
344,658426,2393.518454,2000,0.9335650374045407,282.99636393785477,0.8108770847320557,53147.970076368365,0.0
345,660426,2397.577859,2000,0.8767404688425567,283.8074192404747,0.0,98607.62492595575,0.0
346,662426,2441.031933,2000,0.9109065858509556,260.3735849261284,0.0,71274.73131923555,0.0
347,664426,2511.88956,2000,0.9955327437621488,220.70831805467606,0.12896097265183926,3573.804990281155,0.0
348,666426,2335.934376,2000,0.8181990329486173,317.5564706325531,0.043605491518974304,145440.77364110743,0.0
349,668426,2359.78513,2000,0.9253632145855109,300.2711087465286,0.0,59709.4283315899,0.0
350,668960,1074.347082,534,1.0003279941352963,739.2613291740417,17.540289163589478,0.0,0.0
351,670960,2395.986225,2000,0.9095501195384816,282.9638421535492,0.004931294824928045,72359.90436921535,0.0
352,672960,2412.889007,2000,0.8727659701115434,276.3507217168808,0.5046680942177773,101787.22391076629,0.0
353,674960,2488.620584,2000,0.9227532066904326,235.99523305892944,0.0,61797.434647654314,0.0
354,676960,2439.172628,2000,0.9467932291258234,259.50922071933746,0.0,42565.41669934109,0.0
355,678960,2489.895359,2000,0.9091692063837247,236.02764308452606,1.564197987318039,72664.63489302025,0.0
356,680960,2456.124417,2000,0.9562509398125346,250.55091083049774,0.0,34999.248149972744,0.0
357,682960,2481.355616,2000,0.8988795937849456,240.81281572580338,0.0,80896.32497204222,0.0
358,684960,2478.168423,2000,0.9371715808316895,240.4956892132759,0.0,50262.73533464674,0.0
359,686960,2473.751044,2000,0.9112376001034402,244.00301277637482,0.0,71009.91991724668,0.0
360,688960,2468.639058,2000,0.9322208333790295,245.50596624612808,0.0,54223.333296776684,0.0
361,690960,2938.385978,2000,1.8089905486583528,11.107555590569973,0.0,146275.30403539035,0.0
362,691392,871.013603,432,1.0004324408545382,840.9268856048584,20.0,0.0,0.0
363,693392,2486.445029,2000,0.9330907437145723,236.5453988313675,0.0,53527.4050283425,0.0
364,695392,2518.543447,2000,0.9386856483218396,220.22196650505066,0.6852430105209351,49051.48134252903,0.0
365,697392,2542.741234,2000,0.985549293740065,205.78034967184067,0.0,11560.56500794795,0.0
366,699392,2474.42255,2000,0.9075369166856664,243.8458576798439,0.0,73970.46665146889,0.0
367,701392,2453.78889,2000,0.9393708766701714,252.56585329771042,0.0,48503.29866386143,0.0
368,703392,2361.367273,2000,0.7888648044687555,306.3088059425354,0.3637620061635971,168908.15642499516,0.0
369,705392,2454.761675,2000,0.9209527746346138,253.00155580043793,0.0,63237.78029231045,0.0
370,707392,2314.552576,2000,0.8984536678328492,324.23246651887894,0.7845301926136017,81237.0657337205,0.0
371,709392,2448.555402,2000,0.9827538192322806,253.01945954561234,0.0,13796.944614177715,0.0
372,710035,1324.492161,643,1.0008394788377084,614.1880005598068,10.226006507873535,0.0,0.0
373,712035,2336.74802,2000,0.9808647606169503,309.01698768138885,0.13303077779710293,15308.191506440906,0.0
374,714035,2352.678679,2000,0.9386360838498511,303.1643405556679,0.0,49091.13292011862,0.0
375,716035,2317.538056,2000,0.919791258949139,321.67848944664,0.0,64166.99284068907,0.0
376,718035,2427.224033,2000,0.9588066831094433,264.8821771144867,0.0,32954.65351244562,0.0
377,720035,2380.278441,2000,0.9577711441915386,288.40743005275726,0.0,33783.084646767056,0.0
378,722035,2391.469258,2000,0.9832333697788599,281.53471648693085,0.0,13413.304176911615,0.0
379,724035,2410.644605,2000,0.9695535525590419,272.634856402874,0.0,24357.15795276644,0.0
380,726035,2388.176458,2000,0.9744187104142702,283.6312875151634,0.0,20465.03166858429,0.0
381,728035,2422.075909,2000,0.9351334870771313,268.634632229805,0.0,51893.210338296536,0.0
382,730035,2418.721291,2000,0.9832874212748346,267.91003346443176,0.0,13370.062980130053,0.0
383,732035,2387.304591,2000,0.9495658107449321,285.3047177195549,0.0,40347.351404053814,0.0
384,734035,2443.261455,2000,0.9729802932290228,256.15619122982025,0.0,21615.765416781545,0.0
385,736035,2380.337062,2000,0.9775749739584587,287.386491894722,0.0,17940.020833233088,0.0
386,738035,2398.520776,2000,0.9260420105030996,280.8728814125061,0.0,59166.39159751983,0.0
387,740035,2423.634774,2000,0.944576104153246,267.389640212059,0.0,44339.11667740168,0.0
388,742035,2405.180549,2000,0.9495571115189299,276.36976540088654,0.0,40354.31078485659,0.0
389,744035,2454.812724,2000,0.9668271893686662,250.68864226341248,0.0,26538.248505067324,0.0
390,746035,2418.595758,2000,0.9448092309120883,269.8964551091194,0.7104069739580154,44152.61527032852,0.0
391,748035,2463.032059,2000,0.9135429439922592,249.233677983284,0.8920826762914658,69165.6448061925,0.0
392,750035,2451.37316,2000,0.8659752827499015,257.448747754097,3.348795175552368,107219.77380007802,0.0
393,752035,2510.614705,2000,0.959596948850688,223.14342856407166,0.0,32322.44091944953,0.0
394,754035,2490.999372,2000,0.964726032514416,232.70418494939804,0.0,28219.173988465795,0.0
395,756035,2504.649412,2000,0.9773789732897463,225.23986548185349,0.0,18096.82136820167,0.0
396,758035,2459.242417,2000,0.9378333477588591,249.91730600595474,0.0,49733.321792913455,0.0
397,760035,2504.622601,2000,0.9690184653179144,225.6700024008751,0.0,24785.227745668613,0.0
398,762035,2466.806911,2000,0.9772899914388412,244.16696280241013,0.0,18168.006848925328,0.0
399,764035,2372.711058,2000,0.9700685347172022,291.567899286747,0.0,23945.17222623759,0.0
400,766035,2362.592247,2000,0.9693413718648537,296.67697101831436,0.0,24526.902508116804,0.0
401,768035,2419.060531,2000,0.9722140418318147,268.2880461215973,0.0,22228.76653454767,0.0
402,770035,2405.101407,2000,0.9661585145899865,275.57913959026337,0.0,27073.18832801063,0.0
403,770479,726.15376,444,1.0004753938884279,913.3567214012146,20.0,0.0,0.0
404,772479,2453.500862,2000,0.964178825047781,251.4708861708641,0.0,28656.939961775497,0.0
405,774479,2466.429867,2000,0.9539904901557757,245.52574753761292,0.0,36807.60787537784,0.0
406,776479,2476.132498,2000,0.9950126086414661,238.61997574567795,0.0,3989.913086827546,0.0
407,777428,2097.949243,949,1.0008744690711164,227.45896875858307,2.982495427131653,0.0,0.0
408,779428,2642.686197,2000,1.4493497516624743,182.66018852591515,0.8634917438030243,319567.23088690394,0.0
409,781428,2511.55645,2000,0.9734463105968622,221.97789698839188,0.0,21242.9515225115,0.0
410,783428,2525.903773,2000,0.9427544243252571,216.34387224912643,0.0,45796.46053979482,0.0
411,785428,2553.87289,2000,0.96051955127111,201.46972686052322,0.0,31584.358983112812,0.0
412,787428,2533.559675,2000,0.9741903496740472,210.93933284282684,0.0,20647.720260763235,0.0
413,789428,2557.076265,2000,0.9902511189045464,198.3766034245491,0.0,7799.104876364158,0.0
414,791428,2517.494332,2000,0.9440380457891077,220.4877957701683,0.0,44769.56336871412,0.0
415,793428,2544.925606,2000,0.9483009782232912,206.55937492847443,0.0,41359.21742136604,0.0
416,795428,2475.892172,2000,0.9872496797600959,239.13060128688812,0.0,10200.256191923167,0.0
417,797428,2852.539521,2000,1.6563593205652674,55.57376146316528,0.0,216968.90442120284,0.0
418,799428,2538.205103,2000,1.0544298242564818,243.5201033949852,0.0,645893.8182025005,0.0
419,801428,2489.218278,2000,0.9945980530698436,232.0970669388771,0.0,4321.557544126303,0.0
420,803428,2489.739081,2000,0.9749406488991167,232.82457143068314,0.0,20047.480880706404,0.0
421,805327,1424.962812,1899,1.5404751198971345,587.1907621622086,5.873948931694031,0.0,0.0
422,807327,446.152654,2000,0.36431334959510053,1285.1232290267944,0.0,508549.3203239191,0.0
423,809327,2239.599225,2000,0.9555304501635458,358.85629802942276,0.0,35575.63986916449,0.0
424,809901,1357.75206,574,1.0008639657611567,597.5580364465714,18.824894428253174,0.0,0.0
425,810430,1149.661837,529,1.0043559521209007,701.6018182039261,20.0,0.0,0.0
426,810953,1167.457256,523,1.0069281820760279,692.7064061164856,20.0,0.0,0.0
427,811470,1129.382445,517,1.007253425114958,711.7425352334976,20.0,0.0,0.0
428,811996,1129.916683,526,1.0005108439553059,711.4749401807785,20.0,0.0,0.0
429,813996,2422.328644,2000,0.9859197911998457,304.9588277935982,0.0,738371.5676263887,0.0
430,815996,2832.633528,2000,1.5608373690311803,82.02928863465786,0.0,238541.94221927,0.0
431,816670,857.261139,674,1.000734221267697,847.8037118911743,5.513480305671692,0.0,0.0
432,818670,2510.060746,2000,0.9870150155637291,222.05199301242828,0.0,10387.987549016958,0.0
433,820670,2513.165602,2000,0.9987846352741527,219.9016436934471,0.0,972.2917806799559,0.0
434,822670,2523.558024,2000,0.9947019882613153,214.91023153066635,0.0,4238.4093909489375,0.0
435,824670,2504.590609,2000,0.9941426850572502,224.43529218435287,0.0,4685.851954199824,0.0
436,826670,2459.308616,2000,0.8886200445090431,252.3496448993683,0.0,89103.96439276656,0.0
437,828670,2451.196534,2000,0.9066107610377951,255.5055096745491,0.0,74711.39116976436,0.0
438,830670,2502.98486,2000,0.9862329105229863,225.6343737244606,0.0,11013.67158161103,0.0
439,832670,2486.226935,2000,0.9554162751895852,235.54982990026474,0.7718187570571899,35666.97984833274,0.0
440,834670,2450.281495,2000,0.9987617649842195,251.3566017150879,0.0,990.5880126244878,0.0
441,836670,2679.442504,2000,1.8129573955096483,146.49329334497452,0.0,88868.17185197271,0.0
442,838670,2473.213736,2000,0.9793114498393095,240.86080491542816,0.0,16550.840128551805,0.0
443,840670,2532.337338,2000,0.9916118997479988,210.68210899829865,0.0,6710.480201598649,0.0
444,842670,2535.154817,2000,0.934741554528577,212.11767196655273,0.0,52206.75637713748,0.0
445,844670,2551.254442,2000,0.9857856161757678,201.51715725660324,0.0,11371.50705938495,0.0
446,846670,2400.884558,2000,0.9780457494792899,277.0884186029434,0.0,17563.40041656618,0.0
447,847383,1607.209391,713,1.003173841700314,472.82785177230835,19.86430525779724,0.0,0.0
448,849383,2530.912957,2000,0.9765643278858739,212.14357763528824,0.0,18748.537691301695,0.0
449,851383,2525.049178,2000,0.9950836378271847,214.14636075496674,0.0,3933.0897382498806,0.0
450,853383,2548.028349,2000,0.9956044895711874,202.62955874204636,0.0,3516.408343051037,0.0
451,855383,2553.84887,2000,0.9833417025103866,200.35070925951004,0.0,13326.637991692183,0.0
452,856344,2158.031087,961,1.0008140304607271,197.41735607385635,3.881438374519348,0.0,0.0
453,858344,2571.034201,2000,0.9674520040300704,192.5419718027115,0.0,26038.396775942576,0.0
454,860344,2517.897922,2000,0.9911101196480717,217.92805194854736,0.0,7111.904281544966,0.0
455,862344,2523.342552,2000,0.9678844265423219,216.37212485074997,0.0,25692.458766142954,0.0
456,864344,2538.594523,2000,0.9572667917630152,209.2733234167099,0.0,34186.56658958848,0.0
457,866344,2489.635236,2000,0.9579604990730465,233.71372371912003,0.0,33631.60074156229,0.0
458,868344,2512.468471,2000,0.9527400133643582,222.57129102945328,0.0,37807.98930851318,0.0
459,870344,2507.682251,2000,0.9703278261322436,224.0741103887558,0.0,23737.73909420517,0.0
460,872344,2521.394633,2000,0.9731233735365047,217.0848324894905,0.0,21501.30117079649,0.0
461,874344,2538.622275,2000,0.9807091493851056,208.08794349431992,0.0,15432.680491915726,0.0
462,876344,2525.525897,2000,0.9751420234101509,214.91152793169022,0.0,19886.381271878192,0.0
463,878344,2542.201292,2000,0.9680437383208156,206.93732053041458,0.0,25565.009343346286,0.0
464,880344,2507.584054,2000,0.9686841388292992,224.21376407146454,0.9544546157121658,25052.688936560386,0.0
465,882344,2483.588999,2000,0.9767080217951082,235.8100265264511,0.0,18633.58256391332,0.0
466,884344,2518.410087,2000,0.9785308768796471,218.29477697610855,0.0,17175.298496283845,0.0
467,884988,1550.144165,644,1.0019850060229318,501.36159360408783,19.518494606018066,0.0,0.0
468,886988,2533.533614,2000,0.9641401090610241,211.45060658454895,0.0,28687.912751180946,0.0
469,888988,2507.154656,2000,0.965198758295595,224.60080683231354,0.0,27840.993363523296,0.0
470,890988,2511.98719,2000,0.9855489901053948,221.15609049797058,0.0,11560.807915683969,0.0
471,892988,2812.653609,2000,1.6413387566599198,88.40311132371426,0.0,160818.05900268914,0.0
472,894988,2501.843946,2000,0.9537928467235103,227.82929241657257,0.0,36965.72262119118,0.0
473,895483,772.076151,495,1.0060151560557513,890.3962075710297,18.253573179244995,0.0,0.0
474,897483,2761.772206,2000,1.8194275033695342,104.90379855036736,0.0,81435.68202773656,0.0
475,899483,2574.914885,2000,0.9950292728260375,189.22577798366547,0.0,3976.5817391709256,0.0
476,901483,2545.642926,2000,0.9525895948455703,205.97416162490845,0.0,37928.32412354295,0.0
477,903483,2539.038143,2000,0.9566511172371794,209.07828211784363,0.0,34679.10621025656,0.0
478,905483,2856.786837,2000,1.7342137448461916,61.40498444437981,0.015518211293965578,177538.93884963545,0.0
479,907483,2513.701028,2000,0.9794015318808569,220.6188440322876,0.0,16478.77449531628,0.0
480,909483,2869.379765,2000,1.7038881558503451,56.6228237003088,0.11780448257923126,194278.7076362919,0.0
481,911483,2512.976443,2000,0.9780633962178439,221.03577107191086,0.0,17549.283025724453,0.0
482,913483,2507.335229,2000,0.9907248966127895,223.23030978441238,0.0,7420.082709769119,0.0
483,915483,2799.341741,2000,1.842550358975549,84.87367630004883,0.0,100755.19804271044,0.0
484,917483,2475.603065,2000,0.9103970389767226,243.11336874961853,0.0,71682.36881861984,0.0
485,919483,2500.917723,2000,0.996894468830555,226.12367570400238,0.0,2484.424935555573,0.0
486,920367,2121.465115,884,1.000394568068596,215.7006338238716,3.2188567519187927,0.0,0.0
487,921260,2100.530675,893,1.0003207801454421,226.1674404144287,2.5324440002441406,0.0,0.0
488,923260,2494.322236,2000,0.9729931274123435,230.62844574451447,0.9492133557796478,21605.498070124373,0.0
489,925260,2532.199286,2000,0.9481636978613424,212.92061358690262,0.8159326016902924,41469.041710924794,0.0
490,926139,2121.063081,879,1.0006988042223344,215.90309590101242,3.5160505771636963,0.0,0.0
491,927026,2101.016651,887,1.0008286248765175,225.9242758154869,3.309035003185272,0.0,0.0
492,929026,2504.872542,2000,0.9675392540712836,225.62087327241898,0.0,25968.59674297314,0.0
493,931026,2704.086332,2000,1.6084253819565837,144.10728961229324,0.0,257954.18674786942,0.0
494,933026,2761.706092,2000,1.744029724253207,108.47149416804314,0.0,176854.23381992683,0.0
495,935026,2524.887678,2000,0.9503872278087362,216.46421402692795,0.0,39690.217753010984,0.0
496,937026,2497.50673,2000,0.9583202332375104,229.77405041456223,0.13791682198643684,33343.81340999121,0.0
497,939026,2509.791863,2000,0.9799878133776202,222.5359082221985,0.5029799789190292,16009.74929790269,0.0
498,941026,2446.843808,2000,0.9268358617031623,256.6717565059662,1.0838940739631653,58531.3106374701,0.0
499,943026,2524.283477,2000,0.9752133462774744,215.53167700767517,0.0,19829.322978019936,0.0
500,945026,2472.266167,2000,0.9493554470302042,242.83453077077866,0.6340986490249634,40515.64237583719,0.0
501,947026,2512.120679,2000,0.9720674009265554,221.76383435726166,0.1589500531554222,22346.079258755522,0.0
502,949026,2503.47592,2000,0.9546155031503873,226.9597202539444,0.0,36307.59747969033,0.0
503,949669,1587.759469,643,1.0010618062790893,482.55322873592377,13.678101301193237,0.0,0.0
504,950312,1590.764242,643,1.0021971725456449,481.0512810945511,13.707427978515625,0.0,0.0
505,952312,2465.677348,2000,0.9778479757448466,244.70888078212738,0.8828778564929962,17721.619404123045,0.0
506,954312,2779.414364,2000,1.8201853550005462,95.65503895282745,0.0,90608.49129690354,0.0
507,956312,2484.906727,2000,0.9622686205492007,235.86402833461761,0.0,30185.103560639815,0.0
508,958312,2438.989197,2000,0.9659110191120216,258.63777101039886,0.4026937484741211,27271.18471038298,0.0
509,960312,2453.478956,2000,0.9587731677020146,251.7540156841278,0.0,32981.46583838799,0.0
510,962312,2820.774979,2000,1.8324147651527685,74.3886474519968,0.0,87931.42222334116,0.0
511,964312,2810.450358,2000,1.7045044920335577,85.95261722803116,0.15865309163928032,195421.12107521156,0.0
512,966312,2477.502655,2000,0.9737718815268742,238.99702727794647,0.0,20982.4947785014,0.0
513,968312,2479.694371,2000,0.9663446785044174,238.26022446155548,0.0,26924.25719646638,0.0
514,970312,2504.887155,2000,0.9762669968571029,225.18762946128845,0.0,18986.40251431855,0.0
515,972312,2492.633694,2000,0.9603899699426682,232.08940029144287,0.0,31688.02404586415,0.0
516,974312,2477.076121,2000,0.9197790868425763,241.90742522478104,1.3508524000644684,64176.73052593738,0.0
517,976312,2494.692424,2000,0.9625516901707166,230.96754401922226,0.0,29958.64786342606,0.0
518,978312,2461.085111,2000,0.8935302586304725,251.21113657951355,0.8614879846572876,85175.79309562093,0.0
519,980312,2500.427498,2000,0.9474884607024745,228.8375124335289,0.0,42009.23143802072,0.0
520,982312,2470.305085,2000,0.9378524867390224,244.39790099859238,0.0,49718.0106087829,0.0
521,984312,2506.791874,2000,0.9921201670090959,223.4349623322487,0.0,6303.866392722082,0.0
522,986312,2516.372415,2000,0.934037600762711,221.53973579406738,0.0,52769.919389830255,0.0
523,988312,1831.077847,2000,0.3403361730432891,644.0447419881821,0.0,806652.4525198472,0.0
524,990312,2558.588475,2000,0.9362227240352944,200.3333643078804,0.0,51021.82077176413,0.0
525,992312,2479.059148,2000,0.9415349117679238,239.82855677604675,0.0,46772.07058566118,0.0
526,994312,2500.751346,2000,0.9048530128361187,230.81425577402115,0.0,76117.58973110428,0.0
527,996312,2468.476844,2000,0.9209836696399996,246.14576250314713,0.0,63213.06428800075,0.0
528,998312,2289.369414,2000,0.6123398088592369,351.1318042874336,0.0,310128.1529126106,0.0
529,1000312,2307.095586,2000,0.6411919371636446,340.8268466591835,0.09302088059484959,287046.45026908175,0.0
530,1002312,2369.111347,2000,0.6193048336742185,310.91174483299255,1.6517949104309082,304556.13306062575,0.0
531,1004312,2515.354633,2000,0.9636782084624935,220.57074308395386,0.0,29057.433230004306,0.0
532,1006312,2412.410996,2000,0.6116640480003256,289.64654356241226,1.408398598432541,310668.7615997404,0.0
533,1008312,2506.359882,2000,0.8190509953394692,232.30355232954025,0.0,144759.20372842276,0.0
534,1010312,2498.334119,2000,0.9405070946799787,230.24245351552963,0.0,47594.32425601599,0.0
535,1012312,2497.674924,2000,0.9511250812762814,230.0443947315216,0.0,39099.9349789745,0.0
536,1014312,2512.423857,2000,0.9596620716672646,222.23757952451706,0.0,32270.34266618873,0.0
537,1016312,2515.152936,2000,0.9251926289724979,222.59735316038132,0.4698404297232628,59845.89682199978,0.0
538,1018312,2484.864217,2000,0.9676367124264388,235.62651872634888,0.0,25890.630058848787,0.0
539,1020312,2505.788819,2000,0.9579542697099359,225.64322501420975,0.0,33636.584232051835,0.0
540,1022312,2501.289405,2000,0.9718079726302499,227.1982803940773,0.0,22553.62189579997,0.0
541,1024312,2449.11511,2000,0.9790651636801605,252.93045490980148,0.0,16747.869055870717,0.0
542,1026312,2472.766958,2000,0.9755246833985578,241.27531796693802,0.0,19580.25328115364,0.0
543,1027882,3121.952815,1570,1.7073045501051782,3.7475754506886005,0.9710334986448288,140783.84223360638,1.0
544,1029882,2876.285114,2000,1.6563433441311015,55.562278255820274,0.009331457549706101,172369.63559561182,0.0
545,1031882,2520.510285,2000,0.9568538457387601,218.33742409944534,0.0,34516.923408991475,0.0
546,1033882,2522.185465,2000,0.9556197400898809,217.55435317754745,0.0,35504.20792809383,0.0
547,1035882,2496.771569,2000,0.9353945966807313,231.2787026166916,0.0,51684.32265541396,0.0
548,1037882,2521.008467,2000,0.9826474509853425,216.79933369159698,0.0,13882.039211725469,0.0
549,1039882,2544.959397,2000,0.9781993807107723,205.04046231508255,0.0,17440.49543138364,0.0
550,1041882,2508.980614,2000,0.9892531973051039,222.47634083032608,0.0,8597.442155917919,0.0
551,1043882,2535.013959,2000,0.9735513956883135,210.2571576833725,0.0,21158.88344934794,0.0
552,1045882,2542.157776,2000,0.9533238592746476,207.68945664167404,0.0,37340.9125802821,0.0
553,1047882,2696.125965,2000,1.6572722846050851,145.9340639412403,0.0,215086.27209918338,0.0
554,1049882,2755.687046,2000,1.6617149815615353,115.93952402472496,0.0,139404.20174336107,0.0
555,1051882,2905.289044,2000,1.622206177167643,39.48327898979187,0.0,96697.41018500083,0.0
556,1052351,879.310885,469,1.0007038261646384,836.7784023284912,15.391607284545898,0.0,0.0
557,1054351,2829.208523,2000,1.533097731691933,72.05478474497795,0.0,356048.7484707896,0.0
558,1056351,2971.971385,2000,1.431387570925534,6.519359070807695,0.0,193074.6400501873,0.0
559,1058351,2646.742422,2000,1.240094593097396,191.29912555217743,0.0,592668.0093557581,0.0
560,1060351,2495.033071,2000,0.9465400464362291,231.59359395503998,0.0,42767.96285101792,0.0
561,1062351,2455.345329,2000,0.9430640057900235,251.60904228687286,0.0,45548.79536797962,0.0
562,1062945,1507.443819,594,1.0029737545660404,522.711306810379,20.0,0.0,0.0
563,1063522,1410.682993,577,1.0061961233244692,571.0920989513397,20.0,0.0,0.0
564,1064100,1395.690307,578,1.0015686503079257,578.5883367061615,20.0,0.0,0.0
565,1064694,1453.31912,594,1.001255873741336,549.7749298810959,20.0,0.0,0.0
566,1066694,2527.62787,2000,0.9492175154456672,215.1598334312439,0.0,40625.98764346736,0.0
567,1068694,2475.04571,2000,0.9771666765899368,240.0493249297142,0.0,18266.658728050774,0.0
568,1070694,2473.914926,2000,0.9935593053496937,239.79755491018295,0.0,5152.555720244563,0.0
569,1072694,2647.136829,2000,1.778201235926827,163.96433115005493,7.678098082542419,166170.79643379254,0.0
570,1074694,2625.211478,2000,1.4548776481597883,191.15880131721497,0.0,415282.69749439746,0.0
571,1075135,848.95258,441,1.0021199947151052,851.9577383995056,20.0,0.0,0.0
572,1077135,2921.637811,2000,1.8131031278924146,17.41859083995223,0.0,116891.28036903085,0.0
573,1079135,2876.351279,2000,1.7644377054486733,44.06724963337183,0.0,150529.20409929226,0.0
574,1081135,2603.141832,2000,1.2969718220794568,210.06886661052704,0.0,515481.2736541628,0.0
575,1083135,2756.922063,2000,1.8020809410158523,107.93958976864815,0.0,124771.73368920147,0.0
576,1085135,2797.020436,2000,1.664352013097936,95.16745805740356,0.007696211687289178,108605.59312813284,0.0
577,1087135,2798.603981,2000,1.40563917013571,107.23848268389702,0.31134892255067825,252987.12866103297,0.0
578,1089135,2552.245872,2000,0.9559036250408973,202.51766592264175,0.0,35277.09996728137,0.0
579,1091135,2556.100123,2000,0.937520610277847,201.50864124298096,0.0,49983.51177772101,0.0
580,1093135,2755.189223,2000,1.3827088269449936,119.39701437950134,0.0,365454.6449651885,0.0
581,1095135,2493.229602,2000,0.973911198256567,231.12747073173523,0.0,20871.041394745105,0.0
582,1097135,2900.294092,2000,1.5459754476287038,38.30292262136936,0.24140547960996628,247451.36800170483,0.0
583,1099135,2543.461469,2000,0.9483815029745443,207.28705823421478,0.0,41294.79762036563,0.0
584,1101135,2538.02446,2000,0.9668472456454485,209.07986909151077,0.0,26522.203483639732,0.0
585,1103135,2513.029536,2000,0.9628007019952417,221.7772677540779,0.0,29759.438403804885,0.0
586,1105135,2579.070485,2000,0.9612470238911881,188.8350024819374,0.0,31002.380887050804,0.0
587,1107135,2563.650308,2000,0.9550266572385239,196.85641676187515,0.0,35978.67420917867,0.0
588,1109135,2481.400798,2000,0.9664493323455571,237.40922659635544,0.0,26840.534123555768,0.0
589,1111135,2521.366237,2000,0.9212819574704523,219.6861058473587,0.8451271802186966,62974.4340236361,0.0
590,1113135,2802.099834,2000,1.7357485597637727,88.58756348490715,0.0,197742.8476001717,0.0
591,1115135,2496.750864,2000,0.9735552989124399,229.38669472932816,0.0,21155.760870047056,0.0
592,1117135,2525.549949,2000,0.9776016739925796,214.77777510881424,0.0,17918.660805935768,0.0
593,1119135,2870.042775,2000,1.7285307419475409,54.986877366900444,0.0,194124.93104221812,0.0
594,1121135,2693.68536,2000,1.5674205191230646,151.418287307024,2.649190127849579,302807.29372781387,0.0
595,1123135,2432.02615,2000,0.9810389979317927,261.3651528954506,0.0,15168.801654566021,0.0
596,1123770,1521.255066,635,1.0018507388542937,515.8054679632187,16.974340677261353,0.0,0.0
597,1125770,2890.355993,2000,1.3398802487473658,50.25123059749603,0.0,328861.34342907544,0.0
598,1127770,2546.667743,2000,0.9431692282028755,205.94125986099243,0.0,45464.6174376981,0.0
599,1129770,2843.587239,2000,1.431542693367084,79.34448681771755,1.7815910279750824,252154.7848058405,0.0
600,1131770,2566.84067,2000,0.979164649581773,194.04631108045578,0.0,16668.28033458116,0.0
601,1133770,2519.410748,2000,0.9872390117039493,217.36011654138565,0.0,10208.790636839612,0.0
602,1135770,2437.460852,2000,0.5270567356879664,281.3519462943077,0.0,378354.61144962825,0.0
603,1137770,2561.608187,2000,0.9782005390907765,196.71425968408585,0.0,17439.56872738033,0.0
604,1139770,2932.974988,2000,1.4954563215812113,14.364015776664019,0.0,233775.33614073024,0.0
605,1141770,2534.782074,2000,0.9375722525000134,212.16025203466415,0.0,49942.19799999029,0.0
606,1143730,3151.557406,1960,1.4915128123334673,4.951058537699282,0.9258405864238739,243574.39336743514,1.0
607,1145730,2519.127347,2000,0.9622687212412577,218.75642985105515,0.0,30185.02300699456,0.0
608,1147730,2506.300756,2000,0.958043357759302,225.37782043218613,0.0,33565.313792557914,0.0
609,1149730,2535.285778,2000,0.9530549641830032,211.1373469233513,0.0,37556.0286535984,0.0
610,1151730,2486.765548,2000,0.9326510144636121,236.42311245203018,0.0,53879.188429109214,0.0
611,1153730,2535.396051,2000,0.946246947380369,211.42101287841797,0.0,43002.442095706385,0.0
612,1155730,2521.994924,2000,0.9655129581135211,217.1555757522583,0.0,27589.633509181895,0.0
613,1157730,2549.179,2000,0.9649066367202581,203.60027253627777,0.0,28074.69062379282,0.0
614,1159730,2516.300358,2000,0.9726036376376408,219.65275704860687,0.0,21917.089889889012,0.0
615,1161730,2544.664791,2000,0.9647117404167839,205.86340874433517,0.0,28230.60766657364,0.0
616,1163730,2535.129064,2000,0.9651717408055336,210.61299741268158,0.0,27862.607355571803,0.0
617,1165730,2547.633829,2000,0.9625595280410264,204.49043065309525,0.0,29952.37756718036,0.0
618,1167730,2486.558273,2000,0.9593014651876258,235.18390953540802,0.0,32558.827849900037,0.0
619,1169730,2505.664998,2000,0.9478768585040416,226.2071594595909,0.0,41698.51319676713,0.0
620,1171730,2481.793749,2000,0.9585194985313762,237.62083053588867,0.0,33184.40117489954,0.0
621,1173730,2555.555877,2000,0.9903078015074446,199.14239645004272,0.0,7753.758794044782,0.0
622,1175730,2536.695579,2000,0.9524202000887446,210.46583354473114,0.0,38063.83992900434,0.0
623,1177730,2520.204011,2000,0.9721914633816805,217.72125363349915,0.0,22246.829294656796,0.0
624,1178334,1476.008479,604,1.0000171800838038,538.429006934166,17.41357445716858,0.0,0.0
625,1180334,2487.368351,2000,0.9698934478093556,234.2609390616417,0.037989835254848,24085.241752515616,0.0
626,1182334,2493.400067,2000,0.9476285882781516,232.3586493730545,0.0,41897.1293774786,0.0
627,1184334,2508.231005,2000,0.9570719256325326,224.45708513259888,0.0,34342.45949397492,0.0
628,1186334,2491.559986,2000,0.9632176888460822,232.48616605997086,0.0,29425.848923135334,0.0
629,1188334,2510.372071,2000,0.9681046872716537,222.8436917066574,0.0,25516.250182677715,0.0
630,1190334,2497.42702,2000,0.9684912261604111,229.2938008904457,0.0,25207.019071671453,0.0
631,1192334,2509.400788,2000,0.9545794929466594,224.00370240211487,0.0,36336.40564267244,0.0
632,1194334,2524.578936,2000,0.951769355985873,216.5663167834282,0.0,38584.51521130201,0.0
633,1196334,2528.701808,2000,0.9507977720030407,214.54321593046188,0.0,39361.78239756689,0.0
634,1198334,2453.770625,2000,0.9751052812964751,250.79749524593353,0.0,19915.774962819403,0.0
635,1200334,2465.881199,2000,0.9742957120351857,244.77501958608627,0.0,20563.430371851755,0.0
636,1202334,2590.479187,2000,0.9087216066854593,185.7593134045601,0.0,73022.71465163205,0.0
637,1204334,2557.239421,2000,0.9629929576820887,199.66652244329453,0.0,29605.633854328935,0.0
638,1206334,2539.751086,2000,0.9783869126548974,207.64710009098053,0.0,17290.469876082676,0.0
639,1208334,2535.039534,2000,0.9603336041766461,210.89181303977966,0.5087582021951675,31733.116658683877,0.0
640,1210334,2524.341126,2000,0.977027156181765,215.4112234711647,0.0,18378.275054587557,0.0
641,1212334,2494.750756,2000,0.9459859130546303,231.7638248205185,0.7451555877923965,43211.26955629503,0.0
642,1214334,2465.72693,2000,0.9754521101329742,244.80047821998596,0.0,19638.311893620656,0.0
643,1216334,2502.350582,2000,0.9668230057954594,226.9183024764061,0.012621866771951318,26541.59536363128,0.0
644,1218334,2514.299008,2000,0.9794967844969434,220.314122736454,0.0,16402.57240244464,0.0
645,1220334,2543.316531,2000,0.9727514723364571,206.13791048526764,0.020048771984875202,21798.822130832385,0.0
646,1222334,2533.089091,2000,0.9737843891065658,211.19818836450577,0.0,20972.488714747004,0.0
647,1223284,1976.187402,950,1.001933384021313,288.34033012390137,8.696776032447815,0.0,0.0
648,1225284,2522.589451,2000,0.9488217650972398,217.6985666155815,0.0,40942.587922208186,0.0
649,1227284,2594.621214,2000,0.9353114998581766,182.35544487833977,0.0,51750.80011345962,0.0
650,1229284,2585.184599,2000,0.9671806345838261,185.48093363642693,0.0,26255.49233293934,0.0
651,1231284,2541.27591,2000,0.9800335096375614,206.79692924022675,0.0,15973.19228995127,0.0
652,1233284,2533.97119,2000,0.9605770952801856,211.420476436615,0.0,31538.323775851084,0.0
653,1235284,2573.054694,2000,0.9779785929483331,191.00680947303772,0.0,17617.125641332193,0.0
654,1237284,2562.04078,2000,0.9957348769394727,195.6268697977066,0.0,3412.098448422418,0.0
655,1239284,2564.386808,2000,0.9706533504495425,195.70577144622803,0.0,23477.31964036708,0.0
656,1241284,2542.914087,2000,0.9713519823029061,206.40979707241058,0.0,22918.414157676263,0.0
657,1243284,2521.194348,2000,0.9714320590161861,217.25428104400635,0.0,22854.352787050975,0.0
658,1245284,2563.040502,2000,0.9781542785622926,196.007139980793,0.0,17476.577150166395,0.0
659,1247284,2524.943369,2000,0.9696274086156509,215.4788374900818,0.04131786525249481,24298.0731074807,0.0
660,1249284,2552.89145,2000,0.9671368473276923,201.63732022047043,0.0,26290.52213784699,0.0
661,1251284,2547.793398,2000,0.9967490233453681,202.70466059446335,0.0,2600.781323704427,0.0
662,1253284,2531.074844,2000,0.9753411102733069,212.13077008724213,0.0,19727.11178135613,0.0
663,1255284,2414.191918,2000,0.8713058904686749,275.7718563079834,0.0,102955.28762506094,0.0
664,1257284,2556.158318,2000,0.986231740526671,199.0542858839035,0.0,11014.607578662895,0.0
665,1259284,2546.699783,2000,0.9765052317561529,204.27147299051285,0.0,18795.814595078795,0.0
666,1261284,2545.250837,2000,0.9667601751554121,205.47480136156082,0.004749170038849115,26591.85987566988,0.0
667,1263284,2542.420647,2000,0.9668832197023915,206.87934011220932,0.0,26493.42423808661,0.0
668,1265284,2581.328578,2000,0.987138024065217,186.41409650444984,0.0,10289.580747827868,0.0
669,1266243,1684.65996,959,1.0024184605647481,434.10417437553406,5.071238875389099,0.0,0.0
670,1268243,2581.787644,2000,0.9735152358699779,186.86559051275253,0.0,21187.811304017585,0.0
671,1270243,2477.861262,2000,0.9919593321514969,237.90811747312546,0.0,6432.534278803319,0.0
672,1272243,2530.692143,2000,0.9821903246426414,211.9748666882515,0.0,14247.740285887696,0.0
673,1274243,2515.252325,2000,0.9844943234795441,219.58277374505997,0.0,12404.541216365194,0.0
674,1276243,2494.375351,2000,0.9914952053819598,229.67230528593063,0.0,6803.8356944304105,0.0
675,1278243,2494.597665,2000,0.9699129346743838,230.63524067401886,0.0,24069.65226049284,0.0
676,1280243,2547.094468,2000,0.9850670782758927,203.63511890172958,0.0,11946.337379285378,0.0
677,1282243,2538.591128,2000,0.9897422702659099,207.65181630849838,0.0,8206.183787272605,0.0
678,1284243,2534.345952,2000,0.9936222402086333,209.5840573310852,0.0,5102.207833094033,0.0
679,1286243,2498.227324,2000,0.9792898275158644,228.3521443605423,0.0,16568.137987309696,0.0
680,1288243,2519.039278,2000,0.9834090674370077,217.73305535316467,0.0,13272.746050393542,0.0
681,1290243,2517.832107,2000,0.9795530780869814,218.53380650281906,0.0,16357.537530414023,0.0
682,1292243,2559.203335,2000,0.9681119597038405,198.42830300331116,0.0,25510.432236928133,0.0
683,1294243,2547.877705,2000,0.9632710413687611,204.33783531188965,0.0,29383.166904991103,0.0
684,1296243,2542.371429,2000,0.9582249369305111,207.33308047056198,0.0,33420.050455590725,0.0
685,1298243,2542.618424,2000,0.9681623367253078,206.71842992305756,0.0,25470.130619753694,0.0
686,1300243,2573.447285,2000,0.9834047070899671,190.54314494132996,0.0,13276.23432802587,0.0
687,1302243,2553.658753,2000,0.9685329626776928,201.17651671171188,0.0,25173.629857845997,0.0
688,1304243,2574.849854,2000,0.9793989829783077,190.04666805267334,0.0,16480.813617353804,0.0
689,1306243,2565.05588,2000,0.9613318255499477,195.84055244922638,0.0,30934.539560042118,0.0
690,1308243,2559.33782,2000,0.9636452834431419,198.5747292637825,0.0,29083.773245487155,0.0
691,1310243,2523.959971,2000,0.9693975009155026,215.99549800157547,0.0,24481.999267598294,0.0
692,1312243,2538.985636,2000,0.9930858768336903,207.28936046361923,0.0,5531.29853304921,0.0
693,1313092,2117.124132,849,1.0003472688038588,217.87159144878387,2.1122272312641144,0.0,0.0
694,1313938,2124.043176,846,1.0004221156759088,214.41122889518738,3.2862764596939087,0.0,0.0
695,1315938,2535.994741,2000,0.9683468070935649,210.00874042510986,0.0,25322.55432514801,0.0
696,1317938,2548.482669,2000,0.9628617191352062,204.04963195323944,0.0,29710.624691835532,0.0
697,1319938,2539.960013,2000,0.9819258345543115,207.3504701256752,0.0,14459.332356550924,0.0
698,1321938,2555.122472,2000,0.9756486219439299,200.0904455780983,0.0,19481.102444855012,0.0
699,1323938,2579.123272,2000,0.9741546844445433,188.16863000392914,0.0,20676.252444365913,0.0
700,1325938,2544.490141,2000,0.9616967823811742,206.10246062278748,0.0,30642.5740950609,0.0
701,1327938,2554.976985,2000,0.98088012144403,199.89343732595444,0.0,15295.902844776756,0.0
702,1329938,2601.171606,2000,0.9904752709574586,176.32273212075233,0.0,7619.783234032851,0.0
703,1331938,2538.687357,2000,0.9493206147410385,209.6216306090355,0.0,40543.50820716849,0.0
704,1333938,2521.221082,2000,0.9721407346796733,217.20850467681885,0.0,22287.41225626233,0.0
705,1335938,2538.467226,2000,0.9774597451704855,208.32525193691254,0.0,18032.203863612263,0.0
706,1337938,2516.033004,2000,0.9602365781906167,220.41146457195282,0.0,31810.7374475073,0.0
707,1339938,2479.066084,2000,0.9638722840395104,238.70473355054855,0.0,28902.172768392087,0.0
708,1341938,2553.387734,2000,0.9798697884392974,200.7458433508873,0.0,16104.169248562266,0.0
709,1343938,2538.868633,2000,0.979581177008694,208.02826434373856,0.0,16335.058393046162,0.0
710,1345938,2536.282229,2000,0.9677572890444136,209.91649478673935,0.0,25794.168764470156,0.0
711,1347938,2560.984432,2000,0.9821265523659894,196.82841002941132,0.0,14298.758107208057,0.0
712,1349938,2521.269946,2000,0.9635061251828372,217.61508285999298,0.0,29195.099853730146,0.0
713,1350835,2093.102771,897,1.0003111455567337,229.88328337669373,1.8185308575630188,0.0,0.0
714,1351724,2097.782755,889,1.000158948452342,227.5405079126358,3.2598933577537537,0.0,0.0
715,1352798,2022.924516,1074,1.000297943407302,264.97234404087067,2.378186583518982,0.0,0.0
716,1354359,1668.540492,1561,1.573484679801332,463.5726660490036,13.517345190048218,0.0,0.0
717,1356359,2501.509016,2000,0.994689117818526,225.94530880451202,0.0,4248.7057451783,0.0
718,1358359,2567.830218,2000,0.9731015176386106,193.86311620473862,0.0,21518.78588911131,0.0
719,1360359,2567.135449,2000,0.9778442346179864,193.98041814565659,0.0,17724.61230561176,0.0
720,1362359,2889.619657,2000,1.700270675972563,42.26230178028345,0.0,124025.67256516336,0.0
721,1364359,2552.76437,2000,0.9643241352955105,201.83511078357697,0.051352144218981266,28540.6917635917,0.0
722,1366359,2495.230833,2000,0.9540914358009142,231.11459612846375,0.0,36726.85135926756,0.0
723,1368359,2570.562861,2000,0.9810441022104788,192.09983199834824,0.0,15164.718231618757,0.0
724,1370359,2544.429986,2000,0.9610922840983813,206.1595469713211,0.0,31126.172721294424,0.0
725,1372359,2558.405958,2000,0.983196361653081,198.07836413383484,0.0,13442.910677536202,0.0
726,1374359,2548.288674,2000,0.9649136939956205,204.04261350631714,0.0,28069.04480350176,0.0
727,1376359,2550.113049,2000,0.9627320260066903,203.24543863534927,0.0,29814.3791946488,0.0
728,1378359,2531.433053,2000,0.983177803865049,211.56415343284607,0.0,13457.756907960056,0.0
729,1380359,2537.48919,2000,0.9404607261349738,210.66657453775406,0.0,47631.41909202052,0.0
730,1382359,2506.681774,2000,0.973788451456331,224.4015410542488,0.0,20969.238834934647,0.0
731,1384359,2478.446572,2000,0.9821757981117205,238.10914903879166,0.0,14259.361510623308,0.0
732,1386359,2410.329257,2000,0.978803328463721,272.33270555734634,0.0,16957.3372290227,0.0
733,1388359,2564.825876,2000,0.9780559978116006,195.1144114136696,0.0,17555.201750721044,0.0
734,1390359,2555.11878,2000,0.9668323346216922,200.53216069936752,0.0,26534.132302645758,0.0
735,1392359,2558.478732,2000,0.9727394528390612,198.55794310569763,0.0,21808.437728750625,0.0
736,1394359,2544.559864,2000,0.9451089488261194,206.90052956342697,0.0,43912.84093910358,0.0
737,1396359,2561.306726,2000,0.9537452750684404,198.09137284755707,0.0,37003.779945248294,0.0
738,1398359,2554.659561,2000,0.9814933284372018,200.03706961870193,0.0,14805.337250238834,0.0
739,1400359,2555.373422,2000,0.9693747723416786,200.26742666959763,0.0,24500.182126656695,0.0
740,1402359,2574.147711,2000,0.9622352044051774,191.24838709831238,0.0,30211.836475857024,0.0
741,1404359,2415.62547,2000,0.9588057488286983,270.6824764609337,0.0,32955.400937041726,0.0
742,1406359,2544.037172,2000,0.9492165326430657,206.95649832487106,0.0,40626.77388554689,0.0
743,1408359,2560.611766,2000,0.9727547692151537,197.48405367136002,0.0,21796.184627876126,0.0
744,1410359,2581.639045,2000,0.9586608102944351,187.68176436424255,0.0,33071.35176445215,0.0
745,1412359,2570.321177,2000,0.9539971710187362,193.57725977897644,0.0,36802.26318501077,0.0
746,1414359,2522.700326,2000,0.9715646079896469,216.50022268295288,0.0,22748.31360828191,0.0
747,1416359,2562.232876,2000,0.9606908576595327,197.28181511163712,0.0,31447.313872374478,0.0
748,1418359,2551.704697,2000,0.9728770323099519,201.9452601671219,0.0,21698.374152039018,0.0
749,1420359,2547.891285,2000,0.9649850775897728,204.2396441102028,0.0,28011.937928182808,0.0
750,1422359,2501.901415,2000,0.9515289930491393,227.90376842021942,0.0,38776.805560689056,0.0
751,1424359,2561.166048,2000,0.9759138361949136,197.0537155866623,0.0,19268.93104406825,0.0
752,1426359,2536.944594,2000,0.9840854329081046,208.7615579366684,0.0,12731.653673516534,0.0
753,1428359,2484.856325,2000,0.9629947079974464,235.84965616464615,0.0,29604.23360204304,0.0
754,1430359,2549.360655,2000,0.9777277970189023,202.87073403596878,0.0,17817.762384877875,0.0
755,1432359,2562.001463,2000,0.9658461350752774,197.15362787246704,0.0,27323.09193977788,0.0
756,1434359,2538.612616,2000,0.97508714401824,208.3745375275612,0.0,19930.284785407126,0.0
757,1436359,2520.367678,2000,0.9454016104917723,218.98142248392105,0.0,43678.71160658249,0.0
758,1438359,2541.345085,2000,0.9755373519552939,206.98090642690659,0.0,19570.118435765144,0.0
759,1440359,2558.538884,2000,0.9662838897509601,198.84728640317917,0.0,26972.888199232315,0.0
760,1442359,2546.419897,2000,0.9466055047850277,205.8907225728035,0.0,42715.59617197596,0.0
761,1442946,1130.711272,587,1.0021308215257096,711.0785990953445,15.637049674987793,0.0,0.0
762,1444946,2580.445626,2000,0.9846037911868117,186.98178604245186,0.0,12316.967050549494,0.0
763,1446946,2573.281228,2000,0.9770907618709468,190.9329816699028,0.0,18327.390503243794,0.0
764,1448946,2569.365488,2000,0.9853355831278786,192.47891753911972,0.0,11731.53349769667,0.0
765,1450946,2591.384343,2000,0.9756823273334397,181.95264413952827,0.0,19454.13813324843,0.0
766,1452946,2559.157316,2000,0.952572751112562,199.23517853021622,0.0,37941.799109950894,0.0
767,1454946,2556.321604,2000,0.964446587176447,200.0465914607048,0.0,28442.730258841395,0.0
768,1456946,2579.383279,2000,0.9809361685820026,187.6945048570633,0.0,15251.065134397038,0.0
769,1458946,2864.897553,2000,1.6722094320245973,46.82691302150488,0.0,190209.5395241668,0.0
770,1460946,2553.162019,2000,0.9824353239041235,200.7266879081726,0.0,14051.740876702444,0.0
771,1462946,2575.962554,2000,0.9803239372452904,189.4313022494316,0.0,15740.85020376712,0.0
772,1464946,2548.871476,2000,0.9725756489083133,203.37212830781937,0.0,21939.480873349927,0.0
773,1466946,2568.001659,2000,0.9662850554050313,194.11859661340714,0.0,26971.955675975085,0.0
774,1468946,2534.606931,2000,0.9713737483094707,210.5562686920166,0.0,22901.001352424857,0.0
775,1470946,2516.857379,2000,0.9803384065352208,218.98595988750458,0.0,15729.27477182341,0.0
776,1472946,2549.564905,2000,0.9881003521810031,202.24709808826447,0.0,9519.718255197358,0.0
777,1474946,2550.134206,2000,0.9646823273217779,203.12125235795975,0.0,28254.138142577067,0.0
778,1476946,2516.726057,2000,0.9909705270940505,218.51565688848495,0.0,7223.578324759038,0.0
779,1478946,2548.872054,2000,0.9761026149084633,203.1961753964424,0.0,19117.90807322937,0.0
780,1480946,2527.641529,2000,0.965155506759171,214.35541659593582,0.0,27875.5945926619,0.0
781,1482946,2520.568354,2000,0.9946253834722052,216.4180353283882,0.0,4299.693222234574,0.0
782,1484946,2522.320077,2000,0.9791407297916793,216.31385385990143,0.0,16687.41616665627,0.0
783,1486946,2497.123174,2000,0.9705339404956639,229.35660928487778,0.0,23572.847603469243,0.0
784,1488946,2548.54868,2000,0.9782802345967574,203.24881374835968,0.0,17375.812322594662,0.0
785,1490946,2399.786771,2000,0.9977181805579024,276.6542360186577,0.0,1825.4555536774546,0.0
786,1492946,2517.365356,2000,0.9547416660363498,220.01539170742035,0.0,36206.66717092205,0.0
787,1494946,2495.719386,2000,0.992491850258907,228.94882410764694,0.0,6006.519792875142,0.0
788,1496946,2498.979129,2000,0.9737682114354451,228.2598316669464,0.0,20985.43085164535,0.0
789,1498946,2489.448047,2000,0.9849874598626923,232.4598804116249,0.0,12010.03210984562,0.0
790,1499662,1627.722774,716,1.000721232972812,462.57300674915314,7.548509240150452,0.0,0.0
